familia,version,algo,controller,media_eur_sem,std_seeds,ic95_low,ic95_high,n_eval_seeds,vs_mpc_realista,wilcoxon_p,mejor_seed,train_scores,hiperparametros,timestamp
G,G1-MPC-oraculo,mpc,MPC oraculo,51.448,29.154,44.066,60.289,10,8.063,n/a,,{},{},2026-06-28T16:13:21
G,G2-MPC-realista,mpc,MPC realista,43.385,0.198,41.242,45.573,10,0.0,1.00e+00,,{},{},2026-06-28T16:13:21
G,G3-heuristico,heuristico,Heuristico,30.488,0.221,28.137,32.905,10,-12.897,4.57e-75,,{},{},2026-06-28T16:13:21
G,G4-idle,idle,IDLE,0.0,0.0,0.0,0.0,10,-43.385,n/a,,{},{},2026-06-28T16:13:21
dqn,DQN-1,dqn,DQN,39.362,0.373,37.209,41.623,10,-4.022,4.97e-67,42,"{""42"": 37.372275540000004, ""1337"": 37.24216846, ""2024"": 36.61219764}","{""total_timesteps"": 3000000, ""learning_rate"": 0.0001, ""buffer_size"": 500000, ""learning_starts"": 10000, ""batch_size"": 64, ""gamma"": 0.995, ""exploration_fraction"": 0.5, ""exploration_final_eps"": 0.05, ""target_update_interval"": 1500, ""train_freq"": 4, ""net_arch"": [256, 128], ""n_step"": 1, ""eval_freq"": 20000}",2026-06-29T02:10:54
dqn,DQN-2,dqn,DQN,37.239,0.239,35.015,39.567,10,-6.146,5.03e-72,42,"{""42"": 35.898704079999995, ""1337"": 34.943641959999994, ""2024"": 35.4843997}","{""total_timesteps"": 3000000, ""learning_rate"": 0.0001, ""buffer_size"": 500000, ""learning_starts"": 10000, ""batch_size"": 64, ""gamma"": 0.995, ""exploration_fraction"": 0.5, ""exploration_final_eps"": 0.05, ""target_update_interval"": 1500, ""train_freq"": 4, ""net_arch"": [256, 128], ""n_step"": 8, ""eval_freq"": 20000}",2026-06-29T07:59:08
dqn,DQN-3,dqn,DQN,38.336,0.287,36.168,40.617,10,-5.048,1.02e-71,1337,"{""42"": 36.62122938, ""1337"": 36.766871019999996, ""2024"": 35.90251308}","{""total_timesteps"": 3000000, ""learning_rate"": 0.0001, ""buffer_size"": 500000, ""learning_starts"": 10000, ""batch_size"": 64, ""gamma"": 0.99, ""exploration_fraction"": 0.5, ""exploration_final_eps"": 0.05, ""target_update_interval"": 1500, ""train_freq"": 4, ""net_arch"": [256, 128], ""n_step"": 8, ""eval_freq"": 20000}",2026-06-29T16:34:50
dqn,DQN-4,dqn,DQN,31.648,0.276,29.975,33.383,10,-11.737,1.26e-83,1337,"{""42"": 30.28217452, ""1337"": 32.17281765999999, ""2024"": 31.98512216}","{""total_timesteps"": 3000000, ""learning_rate"": 0.0001, ""buffer_size"": 500000, ""learning_starts"": 10000, ""batch_size"": 64, ""gamma"": 0.995, ""exploration_fraction"": 0.5, ""exploration_final_eps"": 0.05, ""target_update_interval"": 1500, ""train_freq"": 4, ""net_arch"": [256, 128], ""n_step"": 24, ""eval_freq"": 20000}",2026-06-30T17:16:18
dqn,DQN-5,dqn,DQN,37.155,0.305,35.059,39.326,10,-6.23,5.51e-78,1337,"{""42"": 34.4423644, ""1337"": 34.957149019999996, ""2024"": 34.47587616}","{""total_timesteps"": 3000000, ""learning_rate"": 0.0005, ""buffer_size"": 500000, ""learning_starts"": 10000, ""batch_size"": 64, ""gamma"": 0.995, ""exploration_fraction"": 0.5, ""exploration_final_eps"": 0.05, ""target_update_interval"": 2000, ""train_freq"": 4, ""net_arch"": [256, 128], ""n_step"": 8, ""eval_freq"": 20000}",2026-07-01T01:39:09
dqn,DQN-6,dqn,DQN,39.273,0.288,36.988,41.639,10,-4.112,2.39e-66,42,"{""42"": 38.11005324, ""1337"": 36.91948576, ""2024"": 37.02127786}","{""total_timesteps"": 3000000, ""learning_rate"": 0.0001, ""buffer_size"": 500000, ""learning_starts"": 10000, ""batch_size"": 64, ""gamma"": 0.995, ""exploration_fraction"": 0.5, ""exploration_final_eps"": 0.05, ""target_update_interval"": 1500, ""train_freq"": 4, ""net_arch"": [256, 128], ""n_step"": 4, ""eval_freq"": 20000}",2026-07-01T09:36:11
ppo_continuo,PPO-C1,ppo_continuo,ContinuoPPO,38.143,0.053,35.842,40.557,10,-5.241,4.24e-41,2024,"{""42"": 33.562376959999995, ""1337"": 33.36625386, ""2024"": 35.36868288}","{""total_timesteps"": 4000000, ""n_steps"": 8192, ""batch_size"": 128, ""n_epochs"": 5, ""gamma"": 0.99, ""gae_lambda"": 0.95, ""clip_range"": 0.2, ""vf_coef"": 0.5, ""net_arch_pi"": [256, 256], ""net_arch_vf"": [256, 256], ""learning_rate"": {""init"": 0.0003, ""final"": 3e-05}, ""ent_coef"": {""init"": 0.005, ""final"": 0.0005}, ""log_std_init"": -0.7, ""eval_freq"": 20000, ""action_std_init"": 0.5}",2026-06-29T18:52:01
ppo_continuo,PPO-C2,ppo_continuo,ContinuoPPO,33.656,0.058,31.53,35.878,10,-9.728,1.50e-80,2024,"{""42"": 29.68750514, ""1337"": 30.1592134, ""2024"": 30.413392780000002}","{""total_timesteps"": 4000000, ""n_steps"": 8192, ""batch_size"": 128, ""n_epochs"": 5, ""gamma"": 0.99, ""gae_lambda"": 0.95, ""clip_range"": 0.2, ""vf_coef"": 0.5, ""net_arch_pi"": [256, 256], ""net_arch_vf"": [256, 256], ""learning_rate"": {""init"": 0.0003, ""final"": 3e-05}, ""ent_coef"": {""init"": 0.005, ""final"": 0.0005}, ""log_std_init"": -0.7, ""eval_freq"": 20000, ""action_std_init"": 0.3}",2026-06-30T07:15:15
ppo_continuo,PPO-C3,ppo_continuo,ContinuoPPO,38.311,0.084,36.08,40.66,10,-5.073,6.50e-45,2024,"{""42"": 34.442192459999994, ""1337"": 35.29627978, ""2024"": 35.48811742}","{""total_timesteps"": 4000000, ""n_steps"": 4096, ""batch_size"": 128, ""n_epochs"": 5, ""gamma"": 0.99, ""gae_lambda"": 0.95, ""clip_range"": 0.2, ""vf_coef"": 0.5, ""net_arch_pi"": [256, 256], ""net_arch_vf"": [256, 256], ""learning_rate"": 0.0003, ""ent_coef"": 0.003, ""log_std_init"": -0.7, ""eval_freq"": 20000, ""action_std_init"": 0.5}",2026-06-30T19:40:30
residual_sac,SAC-A,residual_sac,"ResidualSAC(add,dmax=0.05)",42.471,0.183,40.277,44.73,10,-0.913,1.80e-28,42,"{""42"": 39.00907008, ""1337"": 37.73064182, ""2024"": 38.59299565999999}","{""total_timesteps"": 1000000, ""residual_mode"": ""add"", ""delta_max"": 0.05, ""dawn_warmup_steps"": 50000, ""learning_rate"": 0.0001, ""buffer_size"": 100000, ""batch_size"": 256, ""gamma"": 0.99, ""tau"": 0.005, ""ent_coef"": 0.005, ""target_entropy"": ""auto"", ""net_arch"": [256, 256], ""eval_freq"": 20000}",2026-06-29T20:21:31
residual_sac,SAC-B,residual_sac,"ResidualSAC(mult,dmax=0.3)",42.311,0.133,40.2,44.483,10,-1.074,7.37e-40,2024,"{""42"": 38.64634576, ""1337"": 38.7360574, ""2024"": 39.38269256}","{""total_timesteps"": 1000000, ""residual_mode"": ""mult"", ""delta_max"": 0.3, ""dawn_warmup_steps"": 100000, ""learning_rate"": 0.0001, ""buffer_size"": 100000, ""batch_size"": 256, ""gamma"": 0.99, ""tau"": 0.005, ""ent_coef"": 0.002, ""target_entropy"": ""auto"", ""net_arch"": [256, 256], ""eval_freq"": 20000}",2026-06-30T13:11:59
residual_sac,SAC-C,residual_sac,"ResidualSAC(mult,dmax=0.15)",44.048,0.145,41.898,46.249,10,0.664,1.45e-23,1337,"{""42"": 41.0836758, ""1337"": 41.136373600000006, ""2024"": 41.10819704000001}","{""total_timesteps"": 1000000, ""residual_mode"": ""mult"", ""delta_max"": 0.15, ""dawn_warmup_steps"": 100000, ""learning_rate"": 0.0001, ""buffer_size"": 100000, ""batch_size"": 256, ""gamma"": 0.99, ""tau"": 0.005, ""ent_coef"": 0.01, ""target_entropy"": ""auto"", ""net_arch"": [256, 256], ""eval_freq"": 20000}",2026-07-01T06:12:51
residual_sac,F2-d05,residual_sac,"ResidualSAC(mult,dmax=0.05)",43.794,0.187,41.642,45.993,10,0.41,6.58e-55,42,"{""42"": 40.42311000000001}","{""total_timesteps"": 1000000, ""residual_mode"": ""mult"", ""delta_max"": 0.05, ""dawn_warmup_steps"": 100000, ""learning_rate"": 0.0001, ""buffer_size"": 100000, ""batch_size"": 256, ""gamma"": 0.99, ""tau"": 0.005, ""ent_coef"": 0.01, ""target_entropy"": ""auto"", ""net_arch"": [256, 256], ""eval_freq"": 20000, ""n_seeds"": 1}",2026-07-01T11:59:06
residual_sac,F2-d10,residual_sac,"ResidualSAC(mult,dmax=0.1)",44.014,0.163,41.856,46.215,10,0.629,2.76e-37,42,"{""42"": 40.92453084}","{""total_timesteps"": 1000000, ""residual_mode"": ""mult"", ""delta_max"": 0.1, ""dawn_warmup_steps"": 100000, ""learning_rate"": 0.0001, ""buffer_size"": 100000, ""batch_size"": 256, ""gamma"": 0.99, ""tau"": 0.005, ""ent_coef"": 0.01, ""target_entropy"": ""auto"", ""net_arch"": [256, 256], ""eval_freq"": 20000, ""n_seeds"": 1}",2026-07-01T17:43:39
residual_sac,F2-d20,residual_sac,"ResidualSAC(mult,dmax=0.2)",43.784,0.169,41.652,45.968,10,0.4,5.86e-09,42,"{""42"": 41.156571119999995}","{""total_timesteps"": 1000000, ""residual_mode"": ""mult"", ""delta_max"": 0.2, ""dawn_warmup_steps"": 100000, ""learning_rate"": 0.0001, ""buffer_size"": 100000, ""batch_size"": 256, ""gamma"": 0.99, ""tau"": 0.005, ""ent_coef"": 0.01, ""target_entropy"": ""auto"", ""net_arch"": [256, 256], ""eval_freq"": 20000, ""n_seeds"": 1}",2026-07-01T23:27:27
residual_sac,F2-d30,residual_sac,"ResidualSAC(mult,dmax=0.3)",42.433,0.11,40.353,44.566,10,-0.951,1.69e-27,42,"{""42"": 40.2871714}","{""total_timesteps"": 1000000, ""residual_mode"": ""mult"", ""delta_max"": 0.3, ""dawn_warmup_steps"": 100000, ""learning_rate"": 0.0001, ""buffer_size"": 100000, ""batch_size"": 256, ""gamma"": 0.99, ""tau"": 0.005, ""ent_coef"": 0.01, ""target_entropy"": ""auto"", ""net_arch"": [256, 256], ""eval_freq"": 20000, ""n_seeds"": 1}",2026-07-02T05:10:37
residual_sac,F4-nodawn,residual_sac,"ResidualSAC(mult,dmax=0.15)",44.036,0.147,41.898,46.227,10,0.652,3.06e-24,42,"{""42"": 41.14156747999999}","{""total_timesteps"": 1000000, ""residual_mode"": ""mult"", ""delta_max"": 0.15, ""dawn_warmup_steps"": 0, ""learning_rate"": 0.0001, ""buffer_size"": 100000, ""batch_size"": 256, ""gamma"": 0.99, ""tau"": 0.005, ""ent_coef"": 0.01, ""target_entropy"": ""auto"", ""net_arch"": [256, 256], ""eval_freq"": 20000, ""n_seeds"": 1}",2026-07-02T10:45:10
residual_sac,F6-s05,residual_sac,"ResidualSAC(mult,dmax=0.15)",47.479,0.079,45.114,49.919,10,-0.788,1.87e-68,42,"{""42"": 44.37635708}","{""total_timesteps"": 1000000, ""residual_mode"": ""mult"", ""delta_max"": 0.15, ""dawn_warmup_steps"": 100000, ""learning_rate"": 0.0001, ""buffer_size"": 100000, ""batch_size"": 256, ""gamma"": 0.99, ""tau"": 0.005, ""ent_coef"": 0.01, ""target_entropy"": ""auto"", ""net_arch"": [256, 256], ""eval_freq"": 20000, ""sigma_consumo"": 0.05, ""n_seeds"": 1}",2026-07-02T16:38:13
residual_sac,F6-s25,residual_sac,"ResidualSAC(mult,dmax=0.15)",40.015,0.174,38.107,41.989,10,1.422,8.55e-61,42,"{""42"": 37.26818886}","{""total_timesteps"": 1000000, ""residual_mode"": ""mult"", ""delta_max"": 0.15, ""dawn_warmup_steps"": 100000, ""learning_rate"": 0.0001, ""buffer_size"": 100000, ""batch_size"": 256, ""gamma"": 0.99, ""tau"": 0.005, ""ent_coef"": 0.01, ""target_entropy"": ""auto"", ""net_arch"": [256, 256], ""eval_freq"": 20000, ""sigma_consumo"": 0.25, ""n_seeds"": 1}",2026-07-02T22:29:32
td3_residual,TD3-1,td3_residual,"ResidualTD3(mult,dmax=0.15)",43.442,0.159,41.327,45.603,10,0.057,8.11e-01,1337,"{""42"": 40.66395584, ""1337"": 40.73665823999999, ""2024"": 40.7141573}","{""total_timesteps"": 1000000, ""residual_mode"": ""mult"", ""delta_max"": 0.15, ""dawn_warmup_steps"": 100000, ""learning_rate"": 0.0001, ""buffer_size"": 100000, ""batch_size"": 256, ""gamma"": 0.99, ""tau"": 0.005, ""net_arch"": [256, 256], ""policy_delay"": 2, ""target_policy_noise"": 0.2, ""target_noise_clip"": 0.5, ""action_noise"": {""tipo"": ""normal"", ""sigma"": 0.1}, ""eval_freq"": 20000}",2026-06-30T02:06:23
td3_residual,TD3-2,td3_residual,"ResidualTD3(mult,dmax=0.15)",43.34,0.151,41.237,45.503,10,-0.044,1.16e-01,1337,"{""42"": 40.710335959999995, ""1337"": 40.78101108, ""2024"": 40.72962191999999}","{""total_timesteps"": 1000000, ""residual_mode"": ""mult"", ""delta_max"": 0.15, ""dawn_warmup_steps"": 100000, ""learning_rate"": 0.0001, ""buffer_size"": 100000, ""batch_size"": 256, ""gamma"": 0.99, ""tau"": 0.005, ""net_arch"": [256, 256], ""policy_delay"": 2, ""target_policy_noise"": 0.1, ""target_noise_clip"": 0.5, ""action_noise"": {""tipo"": ""normal"", ""sigma"": 0.1}, ""eval_freq"": 20000}",2026-07-01T01:43:54
td3_residual,TD3-3,td3_residual,"ResidualTD3(mult,dmax=0.15)",43.571,0.124,41.453,45.721,10,0.186,7.05e-02,1337,"{""42"": 40.732956439999995, ""1337"": 40.778942840000006, ""2024"": 40.7017552}","{""total_timesteps"": 1000000, ""residual_mode"": ""mult"", ""delta_max"": 0.15, ""dawn_warmup_steps"": 100000, ""learning_rate"": 0.0003, ""buffer_size"": 100000, ""batch_size"": 256, ""gamma"": 0.99, ""tau"": 0.005, ""net_arch"": [256, 256], ""policy_delay"": 3, ""target_policy_noise"": 0.2, ""target_noise_clip"": 0.5, ""action_noise"": {""tipo"": ""normal"", ""sigma"": 0.1}, ""eval_freq"": 20000}",2026-07-02T00:38:42
td3_residual,TD3-4,td3_residual,"ResidualTD3(mult,dmax=0.1)",44.171,0.131,42.019,46.367,10,0.786,1.47e-37,2024,"{""42"": 41.03754896, ""1337"": 41.034524499999996, ""2024"": 41.07268526}","{""total_timesteps"": 1000000, ""residual_mode"": ""mult"", ""delta_max"": 0.1, ""dawn_warmup_steps"": 100000, ""learning_rate"": 0.0001, ""buffer_size"": 100000, ""batch_size"": 256, ""gamma"": 0.99, ""tau"": 0.005, ""net_arch"": [256, 256], ""policy_delay"": 2, ""target_policy_noise"": 0.2, ""target_noise_clip"": 0.5, ""action_noise"": {""tipo"": ""normal"", ""sigma"": 0.1}, ""eval_freq"": 20000}",2026-07-03T00:54:13
sac_puro,F5,sac_puro,ContinuoSAC,26.943,0.251,25.525,28.4,10,-16.442,1.26e-83,1337,"{""42"": 24.93567656, ""1337"": 25.236897960000007, ""2024"": 24.32706952}","{""total_timesteps"": 1000000, ""learning_rate"": 0.0001, ""buffer_size"": 100000, ""batch_size"": 256, ""gamma"": 0.99, ""tau"": 0.005, ""ent_coef"": 0.01, ""target_entropy"": ""auto"", ""learning_starts"": 10000, ""net_arch"": [256, 256], ""eval_freq"": 20000}",2026-07-03T20:22:57
ddpg_residual,DDPG-1,ddpg_residual,"ResidualDDPG(mult,dmax=0.15)",43.439,0.156,41.323,45.596,10,0.054,9.53e-01,42,"{""1337"": 40.79866726, ""2024"": 40.59302016, ""42"": 40.81852854}","{""total_timesteps"": 1000000, ""residual_mode"": ""mult"", ""delta_max"": 0.15, ""dawn_warmup_steps"": 100000, ""learning_rate"": 0.0001, ""buffer_size"": 100000, ""batch_size"": 256, ""gamma"": 0.99, ""tau"": 0.005, ""net_arch"": [256, 256], ""action_noise"": {""tipo"": ""none""}, ""eval_freq"": 20000}",2026-07-04T03:08:32
ddpg_residual,DDPG-2,ddpg_residual,"ResidualDDPG(mult,dmax=0.15)",43.358,0.148,41.241,45.522,10,-0.027,2.03e-01,1337,"{""1337"": 40.79817812, ""2024"": 40.7473451, ""42"": 40.750401800000006}","{""total_timesteps"": 1000000, ""residual_mode"": ""mult"", ""delta_max"": 0.15, ""dawn_warmup_steps"": 100000, ""learning_rate"": 0.0001, ""buffer_size"": 100000, ""batch_size"": 256, ""gamma"": 0.99, ""tau"": 0.005, ""net_arch"": [256, 256], ""action_noise"": {""tipo"": ""ou"", ""sigma"": 0.15}, ""eval_freq"": 20000}",2026-07-04T03:17:25
ppo,PPO-D1,ppo,PPO,37.494,0.275,35.298,39.778,10,-5.891,5.47e-73,2024,"{""1337"": 37.25543046, ""2024"": 37.86434854, ""42"": 37.12098094}","{""total_timesteps"": 4000000, ""n_steps"": 2048, ""batch_size"": 128, ""n_epochs"": 5, ""gamma"": 0.99, ""gae_lambda"": 0.95, ""clip_range"": 0.2, ""vf_coef"": 0.5, ""net_arch_pi"": [64, 64], ""net_arch_vf"": [64, 64], ""learning_rate"": 0.0003, ""ent_coef"": 0.01, ""eval_freq"": 20000}",2026-07-04T03:19:38
ppo,PPO-D2,ppo,PPO,37.956,0.203,35.716,40.291,10,-5.429,3.92e-69,2024,"{""1337"": 37.89406164, ""2024"": 38.61731362, ""42"": 38.21096888}","{""total_timesteps"": 4000000, ""n_steps"": 4096, ""batch_size"": 128, ""n_epochs"": 5, ""gamma"": 0.99, ""gae_lambda"": 0.95, ""clip_range"": 0.2, ""vf_coef"": 0.5, ""net_arch_pi"": [64, 64], ""net_arch_vf"": [64, 64], ""learning_rate"": 0.0003, ""ent_coef"": 0.003, ""eval_freq"": 20000}",2026-07-04T03:21:24
ppo,PPO-D3,ppo,PPO,38.909,0.301,36.658,41.224,10,-4.475,4.23e-67,2024,"{""1337"": 38.498489359999994, ""2024"": 38.51993624, ""42"": 38.29691856}","{""total_timesteps"": 4000000, ""n_steps"": 8192, ""batch_size"": 128, ""n_epochs"": 5, ""gamma"": 0.99, ""gae_lambda"": 0.95, ""clip_range"": 0.2, ""vf_coef"": 0.5, ""net_arch_pi"": [64, 64], ""net_arch_vf"": [64, 64], ""learning_rate"": 0.0003, ""ent_coef"": {""init"": 0.005, ""final"": 0.0005}, ""eval_freq"": 20000}",2026-07-04T03:23:10
ppo,PPO-D4,ppo,PPO,39.348,0.285,37.088,41.701,10,-4.036,2.38e-60,1337,"{""1337"": 38.78661866, ""2024"": 37.8767047, ""42"": 38.67876114}","{""total_timesteps"": 4000000, ""n_steps"": 8192, ""batch_size"": 128, ""n_epochs"": 5, ""gamma"": 0.99, ""gae_lambda"": 0.95, ""clip_range"": 0.2, ""vf_coef"": 0.5, ""net_arch_pi"": [64, 64], ""net_arch_vf"": [64, 64], ""learning_rate"": {""init"": 0.0003, ""final"": 3e-05}, ""ent_coef"": {""init"": 0.005, ""final"": 0.0005}, ""eval_freq"": 20000}",2026-07-04T03:24:55
ppo,PPO-D5,ppo,PPO,37.142,0.266,34.957,39.399,10,-6.243,5.15e-75,42,"{""1337"": 37.636179500000004, ""2024"": 36.86503864, ""42"": 37.69673686}","{""total_timesteps"": 4000000, ""n_steps"": 8192, ""batch_size"": 128, ""n_epochs"": 5, ""gamma"": 0.99, ""gae_lambda"": 0.98, ""clip_range"": 0.2, ""vf_coef"": 0.5, ""net_arch_pi"": [64, 64], ""net_arch_vf"": [64, 64], ""learning_rate"": 0.0003, ""ent_coef"": 0.01, ""eval_freq"": 20000}",2026-07-04T03:26:41
